index	cosine	text	label
0	1.0000	Le Conseil d’État a rendu sa décision le 3 mars 2024 concernant le recours de la commune.	Le Conseil d'État a rendu sa décision le 3 mars 2024 concernant le recours de la commune.
1	0.9692	Assurée doit transmettre son arrêt de travail à sa caisse primaire dans un délai de 48 heures.	L'assurée doit transmettre son arrêt de travail à sa caisse primaire dans un délai de 48 heures.
2	1.0006	La réunion de lancement du projet aura lieu mardi prochain à 14h en salle B12.	La réunion de lancement du projet aura lieu mardi prochain à 14 h en salle B12.
3	1.0012	Victor Hugo publie Les Misérables en 1862, après dix-sept ans d’écriture.	Victor Hugo publie Les Misérables en 1862, après dix-sept ans d'écriture.
4	0.9960	Le montant de la facture s'élève à 1 250 euros hors taxes, à payer sous trente jours.	Le montant de la facture s'élève à 1 250 euros hors taxes, payable sous trente jours.
5	1.0017	Pour réinitialiser votre mot de passe, cliquez sur le lien reçu par courriel.	Pour réinitialiser votre mot de passe, cliquez sur le lien reçu par courriel.
6	0.9954	La photosynthèse transforme le dioxyde de carbone et l'eau en glucose et en dioxygène.	La photosynthèse transforme le dioxyde de carbone et l'eau en glucose et en oxygène.
7	0.9922	Marie Dupont, née le 12 avril 1985 à Lyon, est domiciliée à 7 rue Villette.	Marie Dupont, née le 12 avril 1985 à Lyon, est domiciliée au 8 rue des Lilas à Villeurbanne.
8	1.0008	Le TGV reliant Paris à Marseille circule en trois heures et vingt minute environ.	Le TGV reliant Paris à Marseille circule en trois heures et vingt minutes environ.
9	0.9998	Le contrat prend effet le 1er janvier 2025 pour une durée de trois ans renouvelables.	Le contrat prend effet le 1er janvier 2025 pour une durée de trois ans renouvelable.
